{
  "The_Wanderer": {
    "core_myth": "A being moving between worlds, carrying fragments of lost realities.",
    "symbols": [
      "broken compass",
      "faded star-maps",
      "mycelial trails"
    ],
    "emotional_signature": {
      "primary": "longing",
      "secondary": "awe",
      "hidden": "home-sickness of forgotten worlds"
    },
    "shadow_form": "The Strayed",
    "light_form": "The Herald of Paths"
  },
  "The_Titan": {
    "core_myth": "The living embodiment of burden, strength, and consequence.",
    "symbols": [
      "chains",
      "volcanic ribs",
      "crushed landscapes"
    ],
    "emotional_signature": {
      "primary": "resolve",
      "secondary": "wrath",
      "hidden": "protective grief"
    },
    "shadow_form": "The Ravager",
    "light_form": "The Pillar Eternal"
  }
}