{
  "Pale Watcher": {
    "name": "Pale Watcher",
    "member_count": 5,
    "members": [
      4,
      10,
      12,
      15,
      16
    ]
  },
  "Hunger Sovereign": {
    "name": "Hunger Sovereign",
    "member_count": 1,
    "members": [
      7
    ]
  },
  "Shattered Crown": {
    "name": "Shattered Crown",
    "member_count": 6,
    "members": [
      0,
      4,
      5,
      8,
      11,
      17
    ]
  },
  "Drowned Self": {
    "name": "Drowned Self",
    "member_count": 5,
    "members": [
      3,
      4,
      10,
      13,
      17
    ]
  },
  "Returning Deep": {
    "name": "Returning Deep",
    "member_count": 4,
    "members": [
      3,
      7,
      8,
      15
    ]
  }
}