{
  "0": {
    "1": 0.377,
    "2": 0.348,
    "3": 0.358,
    "4": 0.556,
    "5": 0.844,
    "6": 0.421,
    "7": 0.351,
    "8": 0.847,
    "10": 0.339,
    "11": 0.847,
    "13": 0.36,
    "15": 0.338,
    "17": 0.853
  },
  "1": {
    "0": 0.377,
    "2": 0.354,
    "3": 0.365,
    "4": 0.357,
    "5": 0.347,
    "6": 0.387,
    "7": 0.359,
    "8": 0.357,
    "9": 0.38,
    "10": 0.349,
    "11": 0.35,
    "13": 0.367,
    "15": 0.343,
    "17": 0.358
  },
  "2": {
    "0": 0.348,
    "1": 0.354,
    "3": 0.35,
    "4": 0.356,
    "5": 0.343,
    "6": 0.35,
    "7": 0.356,
    "8": 0.343,
    "10": 0.354,
    "11": 0.345,
    "13": 0.347,
    "15": 0.346,
    "17": 0.347
  },
  "3": {
    "0": 0.358,
    "1": 0.365,
    "2": 0.35,
    "4": 0.866,
    "5": 0.356,
    "6": 0.358,
    "7": 0.885,
    "8": 0.89,
    "9": 0.359,
    "10": 0.842,
    "11": 0.342,
    "13": 0.852,
    "15": 0.859,
    "17": 0.863
  },
  "4": {
    "0": 0.556,
    "1": 0.357,
    "2": 0.356,
    "3": 0.866,
    "5": 0.841,
    "7": 0.35,
    "8": 0.843,
    "10": 0.854,
    "11": 0.846,
    "12": 0.555,
    "13": 0.86,
    "15": 0.844,
    "16": 0.556,
    "17": 0.852
  },
  "5": {
    "0": 0.844,
    "1": 0.347,
    "2": 0.343,
    "3": 0.356,
    "4": 0.841,
    "6": 0.348,
    "7": 0.351,
    "8": 0.972,
    "9": 0.389,
    "10": 0.337,
    "11": 0.844,
    "13": 0.346,
    "15": 0.344,
    "17": 0.854
  },
  "6": {
    "0": 0.421,
    "1": 0.387,
    "2": 0.35,
    "3": 0.358,
    "5": 0.348,
    "7": 0.354,
    "8": 0.354,
    "10": 0.346,
    "11": 0.352,
    "12": 0.176,
    "13": 0.363,
    "14": 0.159,
    "15": 0.339,
    "16": 0.172,
    "17": 0.352
  },
  "7": {
    "0": 0.351,
    "1": 0.359,
    "2": 0.356,
    "3": 0.885,
    "4": 0.35,
    "5": 0.351,
    "6": 0.354,
    "8": 0.864,
    "9": 0.361,
    "10": 0.35,
    "11": 0.338,
    "13": 0.343,
    "15": 0.846,
    "17": 0.364
  },
  "8": {
    "0": 0.847,
    "1": 0.357,
    "2": 0.343,
    "3": 0.89,
    "4": 0.843,
    "5": 0.972,
    "6": 0.354,
    "7": 0.864,
    "9": 0.36,
    "10": 0.334,
    "11": 0.839,
    "13": 0.348,
    "15": 0.843,
    "17": 0.868
  },
  "10": {
    "0": 0.339,
    "1": 0.349,
    "2": 0.354,
    "3": 0.842,
    "4": 0.854,
    "5": 0.337,
    "6": 0.346,
    "7": 0.35,
    "8": 0.334,
    "9": 0.341,
    "11": 0.337,
    "12": 0.544,
    "13": 0.846,
    "15": 0.852,
    "16": 0.545,
    "17": 0.844
  },
  "11": {
    "0": 0.847,
    "1": 0.35,
    "2": 0.345,
    "3": 0.342,
    "4": 0.846,
    "5": 0.844,
    "6": 0.352,
    "7": 0.338,
    "8": 0.839,
    "9": 0.343,
    "10": 0.337,
    "13": 0.34,
    "15": 0.335,
    "17": 0.836
  },
  "13": {
    "0": 0.36,
    "1": 0.367,
    "2": 0.347,
    "3": 0.852,
    "4": 0.86,
    "5": 0.346,
    "6": 0.363,
    "7": 0.343,
    "8": 0.348,
    "9": 0.367,
    "10": 0.846,
    "11": 0.34,
    "15": 0.346,
    "17": 0.853
  },
  "15": {
    "0": 0.338,
    "1": 0.343,
    "2": 0.346,
    "3": 0.859,
    "4": 0.844,
    "5": 0.344,
    "6": 0.339,
    "7": 0.846,
    "8": 0.843,
    "9": 0.339,
    "10": 0.852,
    "11": 0.335,
    "12": 0.537,
    "13": 0.346,
    "16": 0.541,
    "17": 0.343
  },
  "17": {
    "0": 0.853,
    "1": 0.358,
    "2": 0.347,
    "3": 0.863,
    "4": 0.852,
    "5": 0.854,
    "6": 0.352,
    "7": 0.364,
    "8": 0.868,
    "9": 0.358,
    "10": 0.844,
    "11": 0.836,
    "13": 0.853,
    "15": 0.343
  },
  "9": {
    "1": 0.38,
    "3": 0.359,
    "5": 0.389,
    "7": 0.361,
    "8": 0.36,
    "10": 0.341,
    "11": 0.343,
    "12": 0.15,
    "13": 0.367,
    "15": 0.339,
    "17": 0.358
  },
  "12": {
    "4": 0.555,
    "6": 0.176,
    "9": 0.15,
    "10": 0.544,
    "14": 0.193,
    "15": 0.537,
    "16": 0.747
  },
  "16": {
    "4": 0.556,
    "6": 0.172,
    "10": 0.545,
    "12": 0.747,
    "14": 0.209,
    "15": 0.541
  },
  "14": {
    "6": 0.159,
    "12": 0.193,
    "16": 0.209
  }
}