{
  "0-1": "Legacy Fracture",
  "0-2": "Legacy Fracture",
  "0-3": "Legacy Fracture",
  "0-4": "Legacy Fracture",
  "0-5": "Legacy Fracture",
  "0-6": "Legacy Fracture",
  "0-7": "Predatory Tension",
  "0-8": "Legacy Fracture",
  "0-10": "Legacy Fracture",
  "0-11": "Legacy Fracture",
  "0-13": "Legacy Fracture",
  "0-15": "Legacy Fracture",
  "0-17": "Legacy Fracture",
  "1-2": "Neutral Drift",
  "1-3": "Reflective Dread",
  "1-4": "Legacy Fracture",
  "1-5": "Legacy Fracture",
  "1-6": "Neutral Drift",
  "1-7": "Predatory Tension",
  "1-8": "Legacy Fracture",
  "1-9": "Neutral Drift",
  "1-10": "Ancestral Surveillance",
  "1-11": "Legacy Fracture",
  "1-13": "Reflective Dread",
  "1-15": "Ancestral Surveillance",
  "1-17": "Legacy Fracture",
  "2-3": "Reflective Dread",
  "2-4": "Legacy Fracture",
  "2-5": "Legacy Fracture",
  "2-6": "Neutral Drift",
  "2-7": "Predatory Tension",
  "2-8": "Legacy Fracture",
  "2-10": "Ancestral Surveillance",
  "2-11": "Legacy Fracture",
  "2-13": "Reflective Dread",
  "2-15": "Ancestral Surveillance",
  "2-17": "Legacy Fracture",
  "3-4": "Legacy Fracture",
  "3-5": "Legacy Fracture",
  "3-6": "Reflective Dread",
  "3-7": "Predatory Tension",
  "3-8": "Legacy Fracture",
  "3-9": "Reflective Dread",
  "3-10": "Ancestral Surveillance",
  "3-11": "Legacy Fracture",
  "3-13": "Reflective Dread",
  "3-15": "Ancestral Surveillance",
  "3-17": "Legacy Fracture",
  "4-5": "Legacy Fracture",
  "4-7": "Predatory Tension",
  "4-8": "Legacy Fracture",
  "4-10": "Legacy Fracture",
  "4-11": "Legacy Fracture",
  "4-12": "Legacy Fracture",
  "4-13": "Legacy Fracture",
  "4-15": "Legacy Fracture",
  "4-16": "Legacy Fracture",
  "4-17": "Legacy Fracture",
  "5-6": "Legacy Fracture",
  "5-7": "Predatory Tension",
  "5-8": "Legacy Fracture",
  "5-9": "Legacy Fracture",
  "5-10": "Legacy Fracture",
  "5-11": "Legacy Fracture",
  "5-13": "Legacy Fracture",
  "5-15": "Legacy Fracture",
  "5-17": "Legacy Fracture",
  "6-7": "Predatory Tension",
  "6-8": "Legacy Fracture",
  "6-10": "Ancestral Surveillance",
  "6-11": "Legacy Fracture",
  "6-12": "Ancestral Surveillance",
  "6-13": "Reflective Dread",
  "6-14": "Neutral Drift",
  "6-15": "Ancestral Surveillance",
  "6-16": "Ancestral Surveillance",
  "6-17": "Legacy Fracture",
  "7-8": "Predatory Tension",
  "7-9": "Predatory Tension",
  "7-10": "Predatory Tension",
  "7-11": "Predatory Tension",
  "7-13": "Predatory Tension",
  "7-15": "Predatory Tension",
  "7-17": "Predatory Tension",
  "8-9": "Legacy Fracture",
  "8-10": "Legacy Fracture",
  "8-11": "Legacy Fracture",
  "8-13": "Legacy Fracture",
  "8-15": "Legacy Fracture",
  "8-17": "Legacy Fracture",
  "9-10": "Ancestral Surveillance",
  "9-11": "Legacy Fracture",
  "9-12": "Ancestral Surveillance",
  "9-13": "Reflective Dread",
  "9-15": "Ancestral Surveillance",
  "9-17": "Legacy Fracture",
  "10-11": "Legacy Fracture",
  "10-12": "Ancestral Surveillance",
  "10-13": "Ancestral Surveillance",
  "10-15": "Ancestral Surveillance",
  "10-16": "Ancestral Surveillance",
  "10-17": "Legacy Fracture",
  "11-13": "Legacy Fracture",
  "11-15": "Legacy Fracture",
  "11-17": "Legacy Fracture",
  "12-14": "Ancestral Surveillance",
  "12-15": "Ancestral Surveillance",
  "12-16": "Ancestral Surveillance",
  "13-15": "Ancestral Surveillance",
  "13-17": "Legacy Fracture",
  "14-16": "Ancestral Surveillance",
  "15-16": "Ancestral Surveillance",
  "15-17": "Legacy Fracture"
}