{
  "Archetype_to_Hierarchy": {
    "The_Wanderer": "Resonates with Regents of Motion (Chronoseers influence paths).",
    "The_Titan": "Anchored to Elemental Legions (Geomnons reflect its burden)."
  },
  "Cycle_Crossovers": {
    "Cycle_of_First_Fire": "Interlocks with Titan myths when fire is presented as burden.",
    "Cycle_of_Returning_Stars": "Interlocks with Wanderer myths through migration and cosmic tracking."
  },
  "Creature_Ecospheric_Links": {
    "Ash-Walker": "Belongs to First Fire and echoes Titan emotional signatures.",
    "Star-Hounds": "Integrate Returning Stars cycle and Wanderer archetype."
  }
}