{
  "schools": [
    {
      "id": "verdant",
      "name": "Verdant Magic",
      "domain": "life, growth, flora",
      "notes": "Detected in many entries; originally in WIP canon."
    },
    {
      "id": "aether",
      "name": "Aetheric",
      "domain": "aetheric, psychic, spatial"
    },
    {
      "id": "pyros",
      "name": "Pyros",
      "domain": "fire and combustion"
    },
    {
      "id": "cryos",
      "name": "Cryos",
      "domain": "cold, ice, frost"
    },
    {
      "id": "shadow",
      "name": "Shadow",
      "domain": "shadow, void, stealth"
    }
  ],
  "notes": "Auto-detected and seeded; refine manually."
}