{
  "creature_count": 18,
  "link_count": 113,
  "archetype_summary": {
    "Pale Watcher": 5,
    "Hunger Sovereign": 1,
    "Shattered Crown": 6,
    "Drowned Self": 5,
    "Returning Deep": 4
  },
  "notable_links_top10": [
    {
      "source": 5,
      "target": 8,
      "score": 0.972,
      "reasons": [
        "shared_archetype:Shattered Crown",
        "shared_magic:frost,life,arc,light,electric,metal,stone,shadow,void",
        "token_sim:0.43"
      ]
    },
    {
      "source": 3,
      "target": 8,
      "score": 0.89,
      "reasons": [
        "shared_archetype:Returning Deep",
        "shared_magic:frost,life,arc,light,metal,stone,shadow,void",
        "token_sim:0.23"
      ]
    },
    {
      "source": 3,
      "target": 7,
      "score": 0.885,
      "reasons": [
        "shared_archetype:Returning Deep",
        "shared_magic:ice,water,life,light,arc,metal,spirit,wind,stone,fire,shadow,earth,chaos,flora,void",
        "token_sim:0.21"
      ]
    },
    {
      "source": 8,
      "target": 17,
      "score": 0.868,
      "reasons": [
        "shared_archetype:Shattered Crown",
        "shared_magic:frost,life,arc,light,electric,metal,stone,shadow,void",
        "token_sim:0.17"
      ]
    },
    {
      "source": 3,
      "target": 4,
      "score": 0.866,
      "reasons": [
        "shared_archetype:Drowned Self",
        "shared_magic:ice,spirit,wind,stone,earth,chaos,void",
        "token_sim:0.17"
      ]
    },
    {
      "source": 7,
      "target": 8,
      "score": 0.864,
      "reasons": [
        "shared_archetype:Returning Deep",
        "shared_magic:life,arc,light,metal,stone,shadow,void",
        "token_sim:0.16"
      ]
    },
    {
      "source": 3,
      "target": 17,
      "score": 0.863,
      "reasons": [
        "shared_archetype:Drowned Self",
        "shared_magic:frost,ice,water,life,arc,aether,light,metal,spirit,wind,stone,fire,death,shadow,earth,chaos,void",
        "token_sim:0.16"
      ]
    },
    {
      "source": 4,
      "target": 13,
      "score": 0.86,
      "reasons": [
        "shared_archetype:Drowned Self",
        "shared_magic:earth,wind,stone",
        "token_sim:0.15"
      ]
    },
    {
      "source": 3,
      "target": 15,
      "score": 0.859,
      "reasons": [
        "shared_archetype:Returning Deep",
        "shared_magic:frost,ice,water,arc,aether,light,metal,wind,stone,fire,shadow,earth,chaos,flora,void",
        "token_sim:0.15"
      ]
    },
    {
      "source": 4,
      "target": 10,
      "score": 0.854,
      "reasons": [
        "shared_archetype:Drowned Self,Pale Watcher",
        "shared_magic:ice,spirit,wind,stone,earth,chaos,void",
        "token_sim:0.13"
      ]
    }
  ]
}